<?xml version="1.0" encoding="utf-8"?>
<ApplicationInstallerManifest>
   <DefaultInstallationDirectory>/Applications/SmoresAudioPlayer/</DefaultInstallationDirectory>
   <ApplicationName>SmoresAudioPlayer</ApplicationName>
   <ExecutableName>application/SmoresAudioPlayer.exe</ExecutableName>
   <GUID>2b6650a4-2a43-4c82-b213-e8ed42d9aa9c</GUID>
   <ApplicationIcon>default_icon_48.png</ApplicationIcon>
   <Logo>default_logo.png</Logo>
   <Version>1.0</Version>
   <InstallationNotes>In the following directions, replace MR/R2022b by the directory on the target machine where MATLAB is installed, or MR by the directory where the MATLAB Runtime is installed.

If the environment variable DYLD_LIBRARY_PATH is undefined, set it to the following string:

MR/R2022b/runtime/maci64:MR/R2022b/sys/os/maci64:MR/R2022b/bin/maci64

If it is defined, set it to the following:

${DYLD_LIBRARY_PATH}:MR/R2022b/runtime/maci64:MR/R2022b/sys/os/maci64:MR/R2022b/bin/maci64
</InstallationNotes>
   <Summary>Companion app to be used with the smoresapp.tech project.</Summary>
   <WelcomePanelText>SmoresAudioPlayer 1.0
Companion app to be used with the smoresapp.tech project.
SmoresAppTeam</WelcomePanelText>
   <MCRProducts>
      <MCRProduct>
         <ExternalProductIdentifier>35000</ExternalProductIdentifier>
      </MCRProduct>
      <MCRProduct>
         <ExternalProductIdentifier>35002</ExternalProductIdentifier>
      </MCRProduct>
      <MCRProduct>
         <ExternalProductIdentifier>35003</ExternalProductIdentifier>
      </MCRProduct>
      <MCRProduct>
         <ExternalProductIdentifier>35010</ExternalProductIdentifier>
      </MCRProduct>
   </MCRProducts>
</ApplicationInstallerManifest>